PassengerId,Pclass,Name,Sex,Age,SibSp,Parch,Fare,Embarked,Cabin,Survived
82,1,"Bennett, Daniel",female,28.7,4,0,70.06,S,A40,1
219,2,"Turner, James",male,28.8,1,1,78.88,S,,0
56,3,"Martin, Sophia",male,3.8,1,2,20.35,S,,0
262,1,"Foster, Edward",female,43.7,0,0,30.32,C,,1
265,3,"Adams, Edward",female,38.5,1,1,8.08,S,,1
156,3,"Vargas, Grace",female,24.7,0,0,15.63,S,,1
484,2,"Adams, Olivia",female,15.8,3,0,34.36,C,,1
322,2,"Adams, Olivia",male,34.7,1,0,23.75,Q,F77,0
583,3,"Bennett, Robert",male,,0,2,11.2,C,,1
292,3,"Johnson, Susan",male,34.5,0,0,17.87,S,,0
239,3,"Reed, Thomas",female,11.2,0,0,6.57,C,,0
251,3,"Lewis, Anna",male,42.4,0,4,20.82,S,,1
197,3,"Lewis, James",female,4.8,0,0,24.59,Q,,1
395,3,"Parker, Julia",male,25.3,0,0,33.7,S,,0
291,2,"Vargas, Joseph",male,37.4,1,0,18.29,S,F47,1
321,1,"Garcia, Michael",female,,0,0,133.59,S,C60,1
548,2,"Carter, George",male,27.6,1,3,28.55,S,D92,0
526,2,"Lewis, Susan",male,43.5,0,1,26.31,C,,1
11,3,"Hill, Michael",male,11.6,1,1,31.41,S,,1
3,1,"Walker, Charles",male,18.2,1,0,143.13,S,C7,1
193,3,"Foster, Edward",male,23.5,3,0,,Q,,0
228,3,"Owens, Thomas",male,36.0,0,0,15.25,S,,1
430,3,"Clark, Frank",male,25.8,1,0,7.34,Q,,0
177,3,"Evans, Michael",male,12.7,4,1,27.2,Q,,0
132,2,"Walker, Daniel",male,32.2,1,0,70.65,Q,,0
384,3,"Nelson, Emma",male,26.6,2,0,23.43,S,,0
473,1,"Johnson, Charles",male,42.8,0,0,103.2,Q,B96,1
164,3,"Bennett, Clara",male,28.1,2,0,8.76,S,,0
300,3,"Irwin, Joseph",female,,1,0,27.27,S,,0
261,1,"Vargas, Anna",female,31.4,0,0,58.13,C,A60,1
105,2,"Johnson, Charles",male,32.5,0,0,47.8,C,E71,0
211,2,"Lewis, Emma",male,31.9,0,0,41.94,S,D97,0
78,2,"Scott, John",female,20.7,0,0,45.39,S,D67,1
378,3,"Walker, Thomas",male,27.7,0,1,21.69,S,,1
545,3,"Green, Anna",male,11.9,0,1,11.18,S,,0
425,1,"Scott, Sarah",male,46.3,0,0,141.96,C,,0
594,2,"Nelson, Elizabeth",male,33.2,0,0,55.63,C,,0
205,3,"Bennett, David",male,31.0,0,0,24.57,Q,,0
362,3,"Walker, Elizabeth",female,20.9,0,0,13.37,S,,1
31,3,"Adams, Richard",male,34.9,0,0,15.68,C,,1
568,3,"Young, John",male,20.7,1,1,31.05,S,,0
451,1,"Jackson, Michael",male,49.0,1,2,197.69,S,C11,0
381,3,"Adams, Emily",female,7.8,1,0,16.91,S,,1
356,3,"Quinn, Julia",male,43.6,0,0,9.9,S,,0
102,3,"Scott, Alice",male,17.6,1,0,13.01,C,,0
50,3,"Owens, Thomas",female,36.7,2,0,14.02,S,,1
196,1,"Harris, Peter",male,51.3,0,0,30.84,S,D1,1
245,1,"Clark, Elizabeth",male,42.9,2,0,227.68,C,E86,0
71,1,"Harris, Charles",male,53.2,1,0,156.78,S,E78,0
235,1,"Green, Olivia",male,37.3,1,2,158.32,S,D64,1
508,2,"Foster, Frank",female,36.4,1,0,45.9,S,E58,0
154,1,"Johnson, Michael",male,17.1,0,0,173.04,S,C34,1
149,1,"Anderson, George",female,,0,0,87.88,S,C73,1
83,3,"Johnson, Elizabeth",male,16.4,1,1,29.68,S,,0
495,3,"Walker, Thomas",male,33.6,0,0,6.03,S,,0
232,2,"Adams, Clara",male,7.4,2,0,25.35,S,F57,1
440,3,"Owens, Olivia",male,42.9,1,2,6.49,S,,0
269,2,"Foster, Susan",female,40.1,0,3,13.62,S,,1
30,3,"Parker, Michael",female,35.7,0,0,12.51,S,,1
518,3,"Carter, Edward",female,12.6,0,0,31.94,Q,,0
212,2,"Flores, William",female,22.0,1,2,51.91,S,D39,1
25,3,"Adams, Julia",male,41.3,0,0,29.28,C,,0
166,3,"Hill, Peter",male,34.7,0,0,34.77,S,,0
571,3,"Scott, William",female,38.0,0,0,10.21,S,,0
504,3,"Vargas, Joseph",male,31.4,0,0,15.02,S,,1
141,3,"Reed, Thomas",male,40.4,1,0,23.72,S,,1
276,3,"Turner, William",female,1.8,3,0,7.76,S,,1
185,1,"Vargas, Alice",female,43.2,0,0,79.75,C,E2,1
236,2,"Parker, Julia",male,22.0,0,1,72.43,S,,0
409,3,"Scott, Thomas",female,19.5,3,0,33.04,S,,0
77,3,"White, Olivia",male,9.3,0,2,20.8,C,,0
557,1,"Reed, Margaret",male,38.4,0,0,168.21,S,,0
64,3,"Carter, William",male,16.8,0,2,34.73,S,,0
275,3,"Flores, Julia",female,6.0,0,0,19.49,S,,1
73,1,"Lewis, David",female,16.8,2,0,106.33,C,C59,1
453,2,"Vargas, Richard",female,35.8,3,2,45.17,S,,1
79,3,"White, Alice",female,30.2,3,2,9.23,S,,1
573,2,"Parker, James",male,45.0,2,0,48.41,C,,0
354,2,"Adams, Emily",male,3.6,2,2,31.32,S,E76,0
382,1,"Flores, Mary",male,29.6,0,0,54.47,C,D53,1
369,3,"Parker, David",female,9.3,1,0,12.61,C,,0
549,3,"Brown, Margaret",female,5.2,0,0,27.69,S,,1
312,3,"Clark, George",male,38.5,3,0,25.56,S,,0
7,2,"Scott, James",female,34.5,1,0,79.08,C,F11,1
332,3,"Vargas, Emma",male,28.2,0,0,22.99,S,,0
370,1,"Irwin, Clara",male,41.4,0,1,228.6,C,D17,0
482,2,"Reed, Alice",male,22.1,0,0,45.32,S,E86,0
376,1,"Scott, Margaret",male,30.0,0,0,158.82,S,C39,0
405,1,"Hill, Michael",male,19.4,1,0,165.39,S,B10,1
87,3,"Irwin, Emma",male,33.9,2,1,33.66,S,,0
111,3,"Owens, David",male,42.4,3,0,31.06,C,,0
266,3,"Garcia, Richard",female,10.5,1,0,32.63,,,0
483,3,"Foster, David",male,32.7,1,1,16.16,S,,0
368,1,"Vargas, Julia",male,44.4,0,1,58.05,C,,0
182,2,"Young, Henry",male,33.2,1,0,26.57,C,,0
146,3,"Lewis, Emma",female,20.0,0,1,18.96,S,,0
501,2,"Lewis, Elizabeth",male,37.0,0,0,42.83,Q,,0
481,3,"Young, Olivia",female,46.7,0,0,17.95,C,,0
74,3,"Flores, Sophia",male,8.5,2,0,22.42,S,,0
40,1,"Reed, David",male,38.7,1,0,52.25,S,B9,0
534,2,"Morgan, Margaret",male,13.8,1,1,38.02,Q,,0
442,2,"Nelson, Elizabeth",female,18.4,2,0,65.58,Q,,0
67,1,"Davis, Richard",male,32.1,0,1,166.42,S,,1
300,3,"Irwin, Joseph",female,,1,0,32.27,S,,0
136,2,"Walker, Peter",male,39.1,0,0,62.28,S,,0
249,3,"Anderson, Sophia",female,32.2,3,0,11.91,S,,1
559,3,"Turner, Grace",female,31.3,1,0,10.0,C,,1
61,3,"Turner, James",female,7.3,0,3,26.33,S,,1
110,2,"Owens, Mary",female,39.2,0,0,78.88,S,,1
427,3,"Quinn, James",male,11.5,0,1,5.02,S,,1
287,3,"Brown, Laura",female,11.2,0,0,12.65,C,,0
551,3,"Garcia, Michael",male,36.9,0,0,6.89,S,,0
12,1,"Anderson, Michael",male,32.5,2,0,56.86,S,,0
383,3,"Morgan, Grace",male,20.0,0,0,20.9,S,,1
84,2,"Bennett, Margaret",male,27.1,1,0,19.8,S,F40,0
91,3,"Jackson, Sarah",male,20.5,0,0,17.65,C,,1
282,3,"Foster, Joseph",male,33.4,1,0,33.54,C,,0
542,3,"Scott, Frank",male,35.0,0,3,21.07,S,,0
531,1,"Martin, Alice",male,13.6,1,0,165.19,C,B37,0
530,1,"Foster, Peter",female,27.0,0,2,186.29,S,B59,1
119,3,"Morgan, Edward",male,60.8,0,1,31.15,S,,1
80,3,"Anderson, Henry",male,30.8,0,2,24.29,S,,0
24,3,"Vargas, Peter",male,39.6,1,0,7.92,S,,1
562,3,"Anderson, George",female,41.5,2,0,29.12,S,,1
288,1,"Green, Charles",female,26.9,1,0,112.17,S,A85,1
323,1,"Parker, Clara",female,2.7,0,0,70.76,S,E98,1
133,3,"Garcia, Michael",male,41.7,0,2,16.27,S,,0
175,3,"Scott, Alice",male,17.1,1,3,11.3,C,,0
339,1,"White, Thomas",male,30.9,0,0,237.39,S,E53,1
178,1,"Carter, Grace",female,29.8,1,0,183.49,Q,C42,1
159,1,"Irwin, John",male,39.5,1,1,116.33,,A9,0
138,3,"Hill, George",male,34.9,1,0,,C,,1
397,3,"White, Julia",female,36.5,0,0,17.29,Q,,0
10,3,"Green, Linda",male,38.3,0,0,31.87,S,,0
572,3,"Turner, David",female,51.3,0,1,17.8,S,,1
576,3,"Clark, Laura",male,30.0,3,2,20.46,C,,0
305,2,"Harris, Daniel",male,8.3,0,2,72.17,S,,0
599,3,"Martin, Julia",male,41.4,0,1,22.14,S,,0
248,3,"Owens, Laura",male,55.8,2,0,24.28,C,,0
85,3,"Walker, Elizabeth",male,25.8,0,0,,S,,0
189,3,"Harris, Julia",male,19.6,0,0,10.87,S,,0
200,3,"Clark, Olivia",male,29.2,1,0,33.88,C,,0
210,3,"Harris, Michael",female,30.3,0,1,33.65,C,,1
338,3,"Lewis, Henry",male,24.3,1,0,15.65,S,,1
487,1,"Reed, Linda",male,24.1,1,0,215.16,S,,1
183,3,"Quinn, Edward",male,37.1,3,0,26.75,S,,0
76,1,"Vargas, Olivia",female,15.6,0,0,154.27,S,B66,1
93,2,"Bennett, Peter",male,47.3,1,1,46.41,S,,0
303,3,"Martin, Linda",female,21.4,0,2,24.09,S,,1
69,2,"King, David",male,24.2,1,1,54.88,S,,0
16,3,"Scott, Emma",male,14.8,0,0,22.73,S,,0
569,1,"Lewis, James",female,26.3,3,2,98.46,S,,1
588,2,"Bennett, Peter",male,45.8,0,0,71.7,S,,0
89,3,"Evans, Clara",male,32.8,3,1,24.17,C,,0
513,1,"Davis, Elizabeth",male,23.1,0,0,53.59,S,E53,1
118,3,"Nelson, George",female,,1,0,6.22,S,,0
394,3,"Adams, Olivia",female,40.7,0,0,7.3,S,,1
418,3,"Reed, Clara",female,18.9,0,2,26.76,S,,0
34,3,"Anderson, John",female,39.8,0,1,29.62,S,,1
1,3,"Young, William",male,38.4,0,0,30.99,S,,1
581,3,"Garcia, Grace",male,25.7,2,0,13.31,S,,0
468,3,"Brown, James",male,27.6,0,0,19.23,S,,0
355,2,"Owens, Joseph",male,21.0,1,0,49.64,S,F27,0
341,3,"Harris, Thomas",female,29.1,0,0,25.76,S,,1
250,2,"Nelson, Daniel",female,25.0,3,0,75.01,C,,1
258,1,"Carter, Margaret",male,2.9,2,0,239.1,S,C21,0
23,3,"White, John",male,28.4,3,1,13.83,S,,0
585,3,"Foster, Richard",female,,0,1,11.98,S,,1
117,3,"Owens, David",female,49.2,3,2,23.76,,,1
90,3,"Parker, Robert",female,55.3,1,0,25.1,S,,0
421,3,"Carter, Thomas",male,27.6,1,0,17.67,C,,0
297,1,"Owens, Laura",female,41.0,0,0,46.3,S,,0
19,2,"Hill, William",male,46.9,2,1,54.94,S,E84,0
213,3,"Martin, Henry",male,30.8,0,0,13.85,S,,1
329,1,"King, Susan",female,,0,1,54.55,S,D65,1
145,2,"Green, Emma",male,9.8,0,0,71.61,S,,1
311,1,"Anderson, Henry",female,8.1,3,0,152.03,C,,1
281,2,"Parker, Mary",male,23.5,2,1,10.96,S,D43,1
552,1,"Evans, Frank",female,31.9,0,0,84.77,S,A35,1
371,1,"Carter, Thomas",female,50.0,0,0,186.67,S,E84,1
260,3,"Bennett, Richard",male,42.0,0,1,30.07,S,,0
302,1,"Bennett, Sophia",male,48.7,0,0,123.47,Q,A90,0
229,3,"Davis, Sarah",female,32.3,0,0,26.69,S,,1
413,2,"White, Anna",male,33.4,2,1,63.53,S,,0
168,3,"Owens, Edward",male,37.9,0,1,7.76,Q,,1
55,3,"Brown, Olivia",male,41.1,0,0,16.11,S,,0
578,1,"Morgan, Margaret",male,32.9,1,0,188.67,S,A44,0
47,2,"Anderson, Frank",male,33.8,3,1,68.68,S,,1
94,1,"Hill, Frank",female,34.1,0,2,45.41,S,A93,1
546,2,"Nelson, Joseph",female,,0,1,13.66,C,E71,1
109,3,"Lewis, Julia",male,16.7,1,0,13.2,Q,,0
279,2,"Vargas, Sophia",male,37.4,2,0,57.07,Q,E27,1
450,3,"Scott, John",female,22.1,0,1,13.64,S,,1
494,2,"Bennett, Linda",male,43.3,0,2,70.74,S,E38,0
450,3,"Scott, John",female,22.1,0,1,8.64,S,,1
470,2,"Owens, Daniel",male,43.0,0,0,73.7,S,,0
524,2,"Harris, Mary",male,30.1,0,0,71.15,S,F30,1
299,1,"Evans, Alice",female,38.5,0,1,200.02,S,A58,1
528,3,"Young, Sophia",female,23.0,0,2,29.02,S,,1
272,2,"Hill, Sophia",male,12.2,1,0,61.29,S,F33,0
350,2,"Carter, Emily",male,51.2,0,1,43.88,S,E63,1
486,3,"Hill, Charles",male,18.3,0,0,34.5,S,,0
70,3,"Martin, Susan",male,34.9,0,0,33.42,S,,0
577,1,"Lewis, Mary",male,,0,0,148.62,Q,C54,1
416,3,"Lewis, Peter",male,40.1,0,1,19.26,C,,1
285,2,"Green, George",male,10.1,0,0,11.53,S,,0
539,3,"Martin, Emily",female,50.9,0,0,7.68,S,,0
209,2,"Lewis, Edward",male,44.0,1,4,19.2,S,,0
262,1,"Foster, Edward",female,43.7,0,0,30.32,C,,1
150,3,"Turner, Emily",male,37.6,0,1,22.24,S,,0
125,3,"Lewis, Sarah",male,11.7,2,0,14.93,S,,1
454,3,"Young, Anna",male,7.1,1,0,7.56,Q,,0
480,2,"Nelson, Thomas",male,30.3,3,1,44.88,S,F24,0
186,3,"Clark, Emily",male,1.0,1,0,28.61,S,,0
375,3,"Walker, Daniel",female,52.9,0,0,13.54,S,,0
361,3,"Johnson, Mary",male,46.1,1,3,28.04,S,,0
589,3,"Quinn, Frank",male,34.3,1,0,18.57,S,,0
547,3,"Adams, David",male,27.9,0,0,33.31,Q,,0
396,1,"Reed, Henry",male,,0,1,179.06,S,D77,1
32,1,"Evans, Peter",male,51.5,1,0,51.52,S,A94,1
458,3,"White, David",female,54.0,0,0,18.67,S,,1
438,3,"Parker, Sarah",male,6.3,0,0,32.78,S,,1
579,3,"King, Anna",female,40.3,0,2,26.79,S,,0
469,3,"Young, Susan",male,51.9,1,0,20.14,S,,0
455,3,"Turner, Emily",male,20.1,2,0,10.85,S,,1
115,1,"Hill, John",male,30.0,1,0,32.15,S,A77,0
204,2,"Harris, Frank",male,45.1,0,1,52.13,C,,0
142,3,"Morgan, George",female,22.7,0,0,24.26,S,,1
443,2,"King, Emma",female,28.4,0,1,34.99,S,D78,1
8,3,"Anderson, Alice",female,7.1,1,2,30.5,S,,1
532,3,"Johnson, Charles",male,39.5,0,0,13.44,S,,1
20,3,"Davis, John",female,18.7,0,0,,Q,,1
173,3,"Flores, Michael",female,120.0,0,0,5.87,S,,1
466,3,"Harris, Elizabeth",female,5.3,0,0,34.49,S,,0
57,2,"Davis, Emily",male,4.5,0,0,18.38,C,,0
432,2,"Foster, Clara",male,25.8,0,0,58.39,S,D12,0
345,3,"King, Henry",male,30.8,0,0,8.49,S,,0
465,3,"Morgan, Edward",female,15.7,0,0,26.02,C,,1
445,3,"Irwin, Peter",female,16.8,0,0,5.03,S,,1
319,3,"Lewis, Alice",male,41.1,0,1,14.11,S,,1
50,3,"Owens, Thomas",female,36.7,2,0,9.02,S,,1
273,2,"Vargas, Richard",female,28.0,1,0,54.26,S,,1
26,3,"White, Henry",male,43.9,1,1,28.87,C,,0
457,2,"King, Mary",male,51.9,0,0,35.68,S,,0
221,1,"Owens, Mary",male,,3,0,106.4,S,C13,0
357,1,"Nelson, Laura",male,11.3,0,0,221.54,C,D47,1
597,3,"Garcia, Anna",male,12.5,0,0,22.57,S,,1
246,3,"Harris, Charles",female,12.4,0,0,25.15,S,,1
43,3,"Jackson, John",male,7.1,3,0,23.88,S,,0
429,3,"Young, Peter",male,28.0,0,0,28.49,S,,1
412,3,"Owens, Clara",female,39.9,3,0,15.18,S,,1
410,3,"Johnson, Peter",female,8.0,0,0,26.88,S,,1
290,3,"Hill, Clara",male,31.4,1,2,20.96,C,,0
553,3,"Quinn, Linda",male,70.0,0,0,14.56,S,,1
488,3,"Garcia, Julia",male,3.2,0,0,21.34,S,,1
424,3,"Davis, Olivia",male,,0,0,26.56,S,,0
155,1,"Green, Laura",female,22.7,0,0,182.28,S,A52,1
127,3,"Evans, Laura",female,44.2,0,0,34.6,S,,1
353,3,"Jackson, Charles",female,32.4,1,1,25.71,S,,1
114,1,"Foster, Charles",male,25.9,0,0,94.17,S,,1
174,3,"Young, Sarah",male,25.3,1,0,11.76,S,,0
58,1,"Morgan, Mary",male,11.5,1,1,124.97,S,D26,1
330,3,"Young, Anna",male,24.5,0,0,30.69,C,,0
223,3,"Quinn, Julia",male,33.3,2,0,28.72,S,,0
18,3,"Lewis, Thomas",male,18.1,0,0,12.26,S,,0
306,2,"Morgan, Richard",female,9.7,0,0,79.92,S,,1
256,1,"Carter, William",female,36.1,3,0,142.8,S,D94,0
313,3,"Vargas, Emma",male,33.2,2,0,30.01,S,,0
586,3,"Adams, Thomas",female,41.7,0,1,23.7,Q,,1
191,2,"Scott, Linda",male,5.0,1,1,31.92,C,,1
463,3,"Adams, Margaret",male,25.0,1,0,21.96,S,,0
538,1,"Owens, Clara",female,57.5,1,0,241.71,S,E57,1
278,3,"Flores, John",female,43.2,0,0,26.03,S,,1
95,2,"Reed, Sarah",male,19.5,0,1,10.23,S,E68,0
181,3,"King, Laura",male,29.1,2,0,9.69,C,,0
448,3,"Brown, Thomas",male,32.6,1,1,10.45,S,,0
337,1,"Green, Henry",male,51.7,1,2,210.95,S,D38,0
320,2,"Reed, Edward",female,49.5,0,1,29.73,S,D48,0
6,3,"Parker, Daniel",female,14.1,0,0,6.36,S,,1
46,3,"Reed, David",female,32.0,1,0,17.55,Q,,1
301,3,"Johnson, Richard",female,37.0,2,0,,S,,0
400,1,"Adams, Robert",female,44.4,1,0,122.05,,A21,1
391,2,"Walker, William",male,,0,0,68.74,S,,1
17,3,"White, Joseph",male,37.0,3,0,15.23,S,,0
49,1,"Vargas, William",male,31.6,1,0,108.8,S,B54,0
592,3,"Adams, Michael",male,19.1,0,0,33.33,S,,0
502,3,"Foster, Joseph",male,41.4,0,0,25.48,S,,0
4,3,"Garcia, Margaret",female,11.6,0,0,25.53,S,,1
335,2,"Harris, Emily",female,21.6,0,0,14.21,Q,,1
452,3,"Green, Emily",male,10.5,0,0,29.16,S,,0
600,2,"Johnson, Olivia",male,12.7,1,0,46.19,S,,0
447,2,"Garcia, Linda",male,22.6,0,0,67.1,S,,0
317,3,"Turner, William",male,14.5,0,2,7.24,S,,0
226,1,"Evans, Daniel",female,47.9,2,0,216.33,C,C59,0
27,3,"Foster, Henry",male,29.5,0,0,5.92,S,,0
437,1,"Harris, Grace",female,8.6,0,0,164.16,S,E88,1
264,3,"Johnson, Linda",female,21.2,1,0,7.35,S,,1
51,1,"White, Emily",female,43.8,0,2,106.62,S,D30,0
230,3,"Foster, Alice",male,31.9,0,1,5.18,S,,0
38,1,"Walker, Thomas",male,11.5,2,0,240.5,S,B16,1
158,3,"King, Joseph",female,24.9,0,0,16.14,S,,1
238,3,"Johnson, James",female,,0,0,28.45,S,,1
587,3,"Anderson, Laura",male,43.8,1,1,14.52,S,,0
176,3,"Adams, Olivia",male,35.0,0,0,29.04,C,,0
514,1,"Brown, Frank",male,43.3,0,0,78.03,S,E54,0
358,3,"Vargas, Linda",male,41.1,0,0,13.05,S,,0
195,1,"Lewis, George",male,22.2,1,0,165.03,S,A69,0
516,3,"Brown, Emily",female,18.6,0,0,7.35,S,,1
334,3,"Clark, Charles",male,55.3,4,2,18.58,S,,0
591,3,"Carter, Alice",male,17.2,0,1,23.49,S,,0
522,3,"Adams, Mary",female,6.5,0,1,26.96,S,,1
68,2,"Jackson, Henry",male,37.4,0,0,63.37,C,E13,0
328,3,"Anderson, Michael",male,23.5,0,0,6.51,S,,0
169,2,"Evans, Henry",male,40.4,0,0,16.56,S,,1
333,3,"Young, David",male,36.1,0,1,13.34,S,,0
163,1,"Davis, Sarah",female,19.6,2,1,80.13,Q,C49,1
310,2,"Green, Sophia",male,40.4,2,0,75.8,S,,0
194,3,"Hill, Emma",female,37.3,0,0,29.58,C,,1
153,2,"Martin, Joseph",male,1.3,0,3,48.47,Q,,0
336,1,"Lewis, Peter",male,4.1,1,0,220.29,S,B84,1
347,2,"Flores, Linda",male,5.3,0,0,67.91,S,,0
500,3,"Adams, George",male,17.5,1,0,24.51,Q,,0
342,3,"Harris, Sarah",male,35.9,1,1,19.32,S,,0
104,3,"Nelson, Daniel",male,36.6,0,1,9.82,C,,0
403,3,"Martin, James",male,33.0,0,0,31.9,S,,0
75,3,"White, Edward",male,26.5,4,0,22.86,S,,0
435,1,"Hill, Olivia",male,4.7,0,0,108.31,S,D21,1
590,1,"Johnson, Sophia",female,19.5,2,0,175.66,Q,,1
120,3,"Green, Richard",male,24.5,0,0,7.45,S,,0
399,2,"Walker, Emma",male,1.3,4,0,57.28,S,F86,0
422,2,"Garcia, Michael",female,28.6,0,1,45.9,S,,1
496,3,"Carter, Mary",male,45.5,1,1,9.9,S,,0
208,2,"Evans, James",male,13.9,0,0,30.54,Q,,0
491,2,"Garcia, Daniel",male,43.6,1,0,41.24,C,,1
363,2,"Scott, Emma",male,18.7,1,1,65.4,S,,0
351,3,"Parker, Peter",female,49.6,1,1,33.4,S,,1
417,3,"Turner, Henry",female,37.8,1,0,29.86,C,,1
9,3,"White, Joseph",female,9.5,0,3,,C,,1
389,3,"Martin, Clara",female,36.8,1,0,23.77,S,,1
37,2,"Turner, Alice",male,21.3,2,0,62.56,C,D62,0
140,1,"Harris, Julia",male,8.0,0,0,204.62,S,A42,1
254,3,"Evans, Emily",male,47.1,3,1,30.66,S,,0
304,1,"Lewis, John",female,41.1,0,0,209.29,,D84,1
550,2,"Evans, Sophia",male,31.2,1,1,42.65,S,D11,1
60,3,"Hill, Julia",female,13.6,0,2,5.16,Q,,1
112,3,"Adams, Sarah",female,25.5,0,2,23.5,C,,1
364,3,"Bennett, Olivia",male,1.0,0,2,33.32,C,,1
420,3,"Vargas, Robert",male,48.9,0,0,15.32,S,,0
365,1,"Adams, Laura",male,29.6,0,0,173.49,S,E22,0
263,3,"Clark, Henry",female,7.6,1,1,10.45,S,,0
507,3,"Johnson, Elizabeth",male,29.2,2,1,25.61,C,,0
298,2,"Turner, George",male,1.0,0,0,14.81,S,,0
151,3,"Owens, Frank",male,49.2,1,0,11.36,C,,1
267,3,"Owens, Daniel",male,22.7,3,1,26.04,C,,0
529,1,"Martin, Frank",male,,0,3,147.27,S,B89,1
541,1,"White, Frank",male,38.7,2,0,57.96,S,B29,1
39,3,"Evans, William",male,40.0,0,0,6.73,S,,0
444,3,"Nelson, Margaret",male,22.6,0,3,26.45,Q,,0
308,3,"Evans, Frank",female,23.5,0,0,5.16,Q,,1
199,3,"White, Clara",female,33.3,0,0,27.2,Q,,0
479,3,"Walker, Clara",male,25.8,0,1,26.99,Q,,0
366,3,"Johnson, Linda",male,25.2,1,0,8.79,S,,0
147,3,"Turner, William",male,32.2,0,1,15.43,S,,0
574,1,"Johnson, Alice",male,32.6,0,1,75.82,S,A39,0
543,3,"Carter, Julia",male,33.6,0,0,22.18,S,,0
148,2,"Foster, Clara",male,,4,2,47.8,C,,1
433,1,"Brown, John",female,18.9,0,0,90.28,Q,,1
349,2,"Foster, Julia",male,32.6,0,1,67.71,S,,0
326,1,"Garcia, Thomas",male,8.3,2,0,94.12,S,C13,1
404,3,"Anderson, Emily",male,20.2,1,0,9999.0,Q,,1
124,3,"Carter, Thomas",male,,0,0,14.36,S,,1
515,1,"Bennett, Edward",male,6.0,0,0,180.84,S,C84,1
97,3,"Vargas, Frank",female,40.8,1,0,17.05,C,,0
144,1,"Carter, Charles",male,30.0,0,0,47.47,S,,1
240,1,"Young, Susan",female,1.0,0,2,77.46,S,B9,1
474,3,"Garcia, Grace",female,20.7,4,0,7.9,C,,1
98,1,"Carter, Laura",male,32.7,0,3,211.77,C,A9,0
372,3,"Turner, Margaret",male,21.5,1,0,12.21,S,,1
325,2,"Vargas, Elizabeth",male,31.8,1,1,53.64,S,D81,0
280,3,"Young, Olivia",female,29.2,0,0,26.7,S,,1
294,1,"Adams, David",female,26.9,2,0,,S,A43,1
595,2,"Jackson, Peter",male,24.7,0,2,76.35,S,,1
123,1,"Vargas, Olivia",female,23.8,1,0,142.78,S,A62,1
184,3,"Vargas, Peter",female,46.3,0,1,17.54,S,,1
203,1,"Young, Linda",male,10.1,1,0,50.65,Q,A98,0
324,3,"Lewis, James",male,41.2,1,0,33.17,C,,0
247,3,"Adams, Emily",male,40.9,0,1,23.59,C,,0
498,2,"Green, Clara",male,19.9,3,0,68.45,S,D64,0
523,2,"Quinn, Elizabeth",male,31.9,1,0,-100.0,S,,0
536,3,"Bennett, Susan",male,37.1,0,3,6.34,S,,0
423,2,"Anderson, Joseph",female,11.1,2,1,21.75,S,E71,1
540,1,"Reed, Henry",male,26.3,2,0,188.4,S,C96,1
401,1,"Quinn, Peter",male,45.7,0,1,154.83,C,E77,1
126,3,"Owens, Thomas",male,22.8,0,0,16.38,S,,0
439,3,"Irwin, Grace",female,31.8,0,0,32.49,S,,0
426,3,"Nelson, James",male,24.2,4,1,12.46,S,,0
224,3,"Jackson, Peter",female,36.1,0,3,19.5,C,,1
343,1,"Clark, Daniel",male,29.1,2,0,113.82,C,,0
54,1,"Adams, Henry",male,36.3,0,0,110.14,S,A26,0
220,3,"Scott, William",male,33.0,0,0,27.86,C,,0
130,1,"White, Emma",female,36.5,1,0,81.6,Q,A55,1
554,1,"Owens, Henry",female,47.7,1,0,59.84,S,B40,1
406,2,"Parker, Henry",male,16.1,0,0,56.82,C,,1
497,3,"Clark, Emma",male,33.8,1,0,7.26,S,,0
556,1,"Hill, Susan",male,36.5,0,0,107.16,C,,1
408,3,"Lewis, Thomas",male,39.8,0,0,30.77,S,,0
525,3,"Hill, Edward",female,26.5,0,0,5.6,,,1
415,2,"Jackson, Susan",female,45.6,3,0,70.1,S,,1
387,2,"Evans, Emma",male,34.7,1,0,18.15,S,E38,0
593,3,"Reed, Clara",male,32.2,0,0,6.71,S,,0
295,3,"Scott, Margaret",male,9.0,0,1,,C,,0
268,2,"Harris, Grace",male,15.7,1,1,36.9,S,,0
581,3,"Garcia, Grace",male,25.7,2,0,13.31,S,,0
560,1,"Scott, Sarah",male,18.3,0,0,150.97,S,A10,0
113,3,"King, Linda",male,12.3,0,0,13.07,C,,0
180,1,"Vargas, Olivia",male,,0,0,232.98,S,D30,1
434,2,"Nelson, Richard",male,31.3,0,1,17.61,Q,,0
512,2,"Morgan, Olivia",male,46.6,0,2,24.39,S,E36,0
464,3,"Evans, Mary",female,26.0,0,2,16.64,C,,0
374,3,"Lewis, Laura",female,1.0,0,0,8.85,S,,1
315,3,"Jackson, Peter",male,45.8,0,0,11.49,S,,0
152,1,"Vargas, Grace",male,44.1,0,2,156.54,S,A80,1
506,3,"Walker, John",male,46.9,0,0,8.28,S,,0
234,1,"Jackson, George",male,27.6,1,0,64.9,C,,1
307,2,"Vargas, Anna",female,28.7,0,0,64.86,S,D35,1
440,3,"Owens, Olivia",male,42.9,1,2,6.49,S,,0
165,3,"Brown, Michael",female,2.2,1,0,16.28,S,,1
318,1,"Flores, James",male,2.7,0,0,78.34,S,,1
137,1,"Nelson, David",female,31.7,0,0,72.8,,E52,0
411,2,"Davis, Henry",male,46.8,0,0,23.9,C,,0
198,3,"Young, Grace",female,31.6,2,0,,S,,1
520,3,"Green, William",male,32.1,0,1,20.65,S,,0
259,2,"Flores, Grace",male,27.5,0,0,24.33,S,F46,1
233,3,"Walker, Julia",female,46.9,1,0,18.9,S,,1
116,2,"Harris, George",male,14.9,0,1,67.5,S,,1
121,3,"Scott, Linda",male,44.7,1,1,20.15,S,,0
489,2,"Jackson, Julia",male,17.3,0,3,76.83,C,E35,0
377,1,"Clark, Laura",male,34.9,0,0,161.69,S,C72,0
385,1,"Brown, Daniel",male,43.4,0,0,72.94,S,B87,0
225,1,"Jackson, Henry",male,22.3,0,0,220.43,Q,C47,0
580,3,"Carter, Sophia",male,35.9,1,0,27.49,C,,0
471,3,"White, Frank",male,35.0,0,2,19.42,S,,0
348,1,"Scott, Robert",male,46.7,1,3,78.5,C,,0
128,1,"Clark, George",female,27.9,0,0,158.63,S,B88,1
576,3,"Clark, Laura",male,30.0,3,2,20.46,C,,0
446,3,"Bennett, Linda",female,41.0,0,1,23.01,C,,0
286,1,"Flores, Frank",female,32.4,0,0,87.25,S,E74,1
564,3,"Nelson, Anna",female,17.7,0,1,5.65,S,,1
44,3,"Harris, Emma",male,4.1,3,2,18.67,S,,1
108,2,"Quinn, William",male,10.2,1,1,41.21,S,,0
517,3,"Adams, Henry",female,38.3,2,0,5.11,S,,1
133,3,"Garcia, Michael",male,41.7,0,2,16.27,S,,0
134,3,"Carter, Margaret",male,,0,0,22.89,S,,1
441,3,"Quinn, Margaret",female,6.0,0,0,15.55,Q,,1
510,1,"Scott, Clara",male,39.8,2,0,61.73,C,C81,0
45,2,"Flores, Alice",male,20.1,4,1,47.53,S,,1
170,3,"Bennett, George",male,41.1,2,0,10.82,C,,0
66,2,"Nelson, Frank",female,36.5,0,0,62.33,S,D66,0
284,2,"King, David",male,13.9,2,0,65.12,S,,0
86,3,"White, Henry",male,44.9,2,1,23.31,Q,,0
243,3,"Clark, Clara",male,56.2,1,1,20.64,Q,,1
187,3,"Owens, Clara",female,41.0,1,1,5.54,S,,1
327,1,"Walker, Alice",female,1.0,4,1,117.53,C,E94,1
160,2,"Vargas, Susan",male,13.9,0,1,67.76,S,,1
13,2,"Quinn, Sarah",male,18.7,0,1,28.86,S,D52,0
36,3,"Morgan, William",male,13.5,1,0,10.32,C,,0
29,3,"Evans, Emma",male,30.2,1,0,18.17,S,,0
171,3,"Lewis, James",female,50.1,0,0,30.44,C,,1
143,3,"Quinn, George",male,34.1,1,0,17.85,S,,0
237,3,"Martin, Thomas",male,1.0,1,0,10.01,S,,0
478,2,"White, Anna",male,15.8,0,0,16.09,S,,0
582,2,"Garcia, Emma",male,22.9,0,0,46.7,Q,,0
222,3,"Walker, Susan",male,23.9,1,0,23.62,S,,1
555,2,"Flores, David",male,-5.0,0,2,55.52,S,,1
96,3,"Evans, George",male,2.2,0,0,33.69,C,,0
52,1,"Parker, George",female,7.1,0,0,131.01,Q,E43,1
241,2,"Johnson, Frank",female,14.5,0,2,30.12,S,E54,1
519,1,"Harris, Margaret",male,40.6,0,1,46.9,S,D37,0
352,1,"Evans, Henry",female,21.0,1,1,56.49,Q,C47,1
527,3,"Hill, Emma",male,9.9,1,0,19.64,S,,0
179,3,"Carter, John",male,1.0,1,0,6.5,Q,,0
461,3,"Johnson, Julia",male,42.5,2,0,8.94,S,,0
537,3,"Foster, Charles",female,3.6,0,1,20.1,C,,1
42,1,"Hill, Michael",male,23.8,0,0,55.86,S,E92,1
566,3,"Irwin, James",male,8.3,0,0,,S,,1
533,3,"Adams, Alice",female,8.5,1,0,9.79,C,,1
207,3,"Hill, Susan",male,35.9,0,0,5.17,S,,1
393,3,"Adams, Peter",male,2.9,0,0,20.56,S,,0
283,3,"Irwin, Richard",female,36.3,1,0,7.05,S,,1
359,1,"Foster, Anna",male,50.4,1,0,224.94,C,C19,0
398,3,"Quinn, Thomas",male,25.5,0,1,29.12,C,,0
255,3,"Lewis, Daniel",male,23.6,1,0,12.37,S,,1
218,1,"Reed, Anna",male,23.5,3,0,38.58,S,B51,0
5,3,"Brown, Margaret",male,40.7,0,0,10.55,Q,,0
257,2,"Turner, Peter",male,21.1,0,0,26.83,S,,0
575,3,"Reed, Alice",female,34.0,0,0,18.08,S,,0
544,1,"Harris, Sarah",male,,3,0,67.15,S,C16,1
431,3,"Lewis, Frank",male,30.1,3,2,,C,,0
101,2,"Harris, Daniel",male,41.5,0,0,57.83,S,,0
227,0,"Hill, Henry",male,59.1,1,0,26.99,S,,0
449,3,"Nelson, Peter",male,4.5,0,1,25.01,S,,0
558,3,"King, Susan",male,42.1,0,0,30.29,S,,0
584,3,"Green, Mary",female,,0,0,27.12,S,,0
214,3,"Reed, Elizabeth",male,20.3,1,0,30.37,S,,0
360,1,"Lewis, Mary",female,18.8,0,0,174.4,S,D93,1
172,3,"Brown, Elizabeth",female,42.3,1,1,19.11,S,,1
99,2,"Nelson, Thomas",male,40.3,1,0,25.67,S,,1
293,3,"Green, Robert",male,43.2,0,0,23.17,S,,1
216,3,"Scott, Richard",male,48.6,1,0,27.86,Q,,0
62,3,"Foster, Sophia",female,64.0,0,2,14.62,S,,1
407,3,"Harris, William",female,54.7,3,4,26.6,S,,1
503,1,"Brown, Emma",male,25.8,2,2,128.79,S,C38,0
48,3,"Johnson, Edward",female,15.7,4,0,28.07,Q,,1
33,3,"Flores, Linda",female,30.0,1,0,33.32,Q,,1
201,5,"Adams, Grace",male,34.4,0,0,5.37,S,,0
135,1,"Adams, Margaret",male,,0,3,216.38,Q,,1
28,3,"Turner, Sarah",male,23.0,0,0,7.56,S,,0
535,3,"Carter, David",female,36.4,1,1,13.67,Q,,1
231,3,"Carter, Susan",male,28.2,1,0,11.33,C,,0
490,3,"Irwin, Mary",female,39.1,0,1,14.39,S,,1
379,1,"Martin, Peter",male,40.0,1,0,196.38,S,A87,1
289,2,"White, Daniel",female,48.8,0,0,39.02,S,F37,1
419,3,"Morgan, Richard",male,43.8,0,2,13.95,C,,1
392,3,"Foster, Mary",male,22.7,0,3,6.46,S,,1
499,3,"Jackson, Anna",male,18.3,0,1,26.76,C,,0
139,3,"Vargas, John",female,22.4,0,2,17.74,S,,1
63,3,"Foster, Peter",male,38.1,0,0,8.5,S,,0
472,1,"Martin, Edward",female,28.8,0,0,243.81,S,B37,1
129,3,"Turner, Alice",male,9.9,0,0,8.77,S,,0
596,3,"Martin, Laura",male,50.9,1,1,7.71,S,,0
521,1,"Morgan, Joseph",male,11.0,1,2,60.3,S,A44,0
65,1,"Martin, Emily",female,37.5,1,1,71.01,S,D89,1
15,1,"Foster, Clara",female,29.5,0,0,197.56,S,E98,1
157,3,"Evans, John",male,22.6,1,0,25.43,S,,0
41,1,"Brown, Edward",male,45.0,4,1,112.78,S,C74,1
493,3,"Irwin, Joseph",male,55.3,0,0,19.76,S,,0
380,2,"Carter, Alice",male,43.1,0,0,21.62,S,,1
188,3,"Carter, Susan",male,25.3,1,0,21.58,S,,0
217,1,"Davis, James",male,46.6,0,1,146.84,C,A31,1
53,1,"Evans, Sophia",male,15.7,2,0,176.86,S,C21,1
338,3,"Lewis, Henry",male,24.3,1,0,15.65,S,,1
296,3,"Hill, Michael",female,40.9,2,2,18.99,S,,0
252,3,"Reed, Edward",male,29.4,3,0,11.57,S,,1
462,3,"Brown, Richard",female,26.9,0,1,19.22,S,,1
456,1,"Reed, Henry",male,1.6,2,0,39.93,S,,1
125,3,"Lewis, Sarah",male,11.7,2,0,19.93,S,,1
270,3,"White, Mary",female,17.0,0,2,9.72,S,,0
202,2,"Irwin, Julia",male,21.6,0,2,69.66,S,,1
162,3,"Brown, Thomas",male,33.4,3,2,28.52,S,,0
402,1,"Nelson, Mary",female,21.9,0,0,121.41,Q,E75,0
477,3,"Walker, William",male,33.2,0,0,34.96,S,,1
106,3,"Clark, Linda",male,30.6,0,2,25.64,S,,0
390,3,"Owens, William",male,28.7,0,0,7.4,S,,1
2,3,"Lewis, Michael",female,49.8,0,0,14.13,S,,1
570,2,"White, Susan",male,49.4,1,0,14.21,Q,,0
81,3,"Carter, Laura",male,25.7,0,1,15.88,C,,0
206,3,"Flores, Emily",male,3.8,0,0,6.37,S,,0
35,2,"Davis, Emma",male,,0,0,36.98,S,F7,0
509,3,"Owens, William",female,24.0,0,3,6.0,S,,0
428,1,"Green, Edward",male,23.3,0,0,112.91,C,,1
455,3,"Turner, Emily",male,20.1,2,0,10.85,S,,1
367,3,"Owens, Margaret",female,39.0,0,0,29.17,S,,1
92,3,"Carter, Thomas",male,25.3,1,0,21.82,S,,0
340,1,"Clark, Susan",female,7.5,1,0,174.92,S,B77,1
565,1,"Martin, Frank",male,46.0,2,0,190.25,S,A93,1
346,2,"King, Sophia",male,35.8,0,1,67.03,S,,1
242,1,"Vargas, Laura",female,51.4,0,0,57.36,S,A12,1
14,2,"Vargas, Peter",female,23.4,0,0,12.58,S,,1
316,3,"Johnson, Sarah",female,23.5,0,0,16.88,,,1
388,3,"Lewis, Joseph",male,10.9,1,0,28.99,S,,0
274,2,"Evans, Olivia",male,22.9,4,0,46.31,S,,0
167,3,"Morgan, Clara",male,13.9,1,0,10.42,S,,0
317,3,"Turner, William",male,14.5,0,2,7.24,S,,0
485,3,"Evans, Margaret",male,1.5,0,0,14.47,S,,1
598,3,"Davis, Joseph",female,26.0,1,0,28.88,S,,0
505,3,"Davis, Laura",female,51.1,1,1,27.59,C,,1
244,3,"Brown, Robert",female,32.8,0,0,13.8,C,,1
567,3,"Green, Sarah",female,11.1,0,0,17.43,C,,1
563,1,"Reed, Michael",male,,0,1,242.18,S,,1
190,2,"Foster, Margaret",female,2.3,1,0,72.79,S,,1
476,2,"White, Laura",male,34.7,2,0,53.05,Q,,0
511,2,"Reed, Peter",male,29.7,2,0,10.16,Q,,0
59,2,"Carter, Edward",male,22.0,2,0,66.41,S,,1
475,1,"Green, George",male,23.8,1,0,35.96,C,A62,0
561,3,"Johnson, Mary",male,25.0,3,0,24.93,S,,0
253,1,"Hill, Linda",male,19.3,0,3,242.75,S,,1
22,3,"Carter, Linda",female,20.5,0,0,26.67,S,,1
314,3,"White, Alice",male,39.3,0,0,,S,,0
460,1,"Young, Margaret",male,11.6,0,0,47.54,S,,1
161,3,"Quinn, Thomas",female,1.4,1,0,29.06,S,,1
277,1,"Brown, Michael",male,45.5,0,0,161.49,C,,1
192,2,"Brown, Joseph",female,32.4,0,0,60.76,S,,1
386,3,"Johnson, Thomas",male,21.5,0,4,5.31,C,,0
414,3,"Foster, Richard",male,32.8,0,0,14.36,C,,1
492,3,"Carter, Julia",female,39.9,0,1,22.05,S,,1
344,3,"Evans, Emma",male,18.9,3,1,20.95,S,,0
309,1,"Flores, Thomas",male,47.5,0,0,155.29,C,B55,0
131,2,"Nelson, Frank",male,32.4,0,1,74.31,S,,0
100,2,"Evans, George",female,43.6,2,3,70.35,C,,1
373,3,"Owens, John",male,,4,0,29.37,S,,0
88,2,"Foster, Mary",male,7.6,1,0,42.18,S,F94,1
459,3,"Brown, Susan",male,29.7,1,0,12.49,S,,0
331,3,"Harris, Edward",male,19.2,0,0,14.97,S,,0
215,2,"Vargas, Elizabeth",male,26.5,1,1,74.16,S,E57,0
467,3,"Davis, Richard",male,43.7,3,0,14.79,C,,0
122,2,"Carter, Daniel",male,26.4,1,1,55.85,Q,D12,0
21,1,"Vargas, Susan",male,47.5,0,0,141.94,S,E51,0
72,1,"Irwin, Frank",male,37.7,2,0,232.59,C,E47,1
107,3,"Green, Margaret",male,10.6,3,3,27.49,S,,1
271,3,"Flores, John",female,38.9,2,2,5.36,S,,1
436,1,"Quinn, Linda",male,36.3,1,0,183.14,S,,0
103,3,"King, Daniel",female,40.7,1,0,27.58,S,,0
